{"cameraMode":{"drawMode":0,"name":"Shaded","section":"Shading Mode"},"sceneLighting":true,"audioPlay":false,"sceneViewState":{"m_AlwaysRefresh":false,"showFog":true,"showSkybox":false,"showFlares":true,"showImageEffects":true,"showParticleSystems":true,"showVisualEffectGraphs":true,"m_FxEnabled":true},"in2DMode":false,"pivot":{"x":0.7659540176391602,"y":0.3646974563598633,"z":-0.6090564727783203},"rotation":{"x":-0.08355332911014557,"y":0.9130952954292297,"z":-0.23832285404205323,"w":-0.32012057304382326},"size":10.520258903503418,"orthographic":false}