{"cameraMode":{"drawMode":0,"name":"Shaded","section":"Shading Mode"},"sceneLighting":true,"audioPlay":false,"sceneViewState":{"m_AlwaysRefresh":false,"showFog":true,"showSkybox":false,"showFlares":true,"showImageEffects":true,"showParticleSystems":true,"showVisualEffectGraphs":true,"m_FxEnabled":true},"in2DMode":false,"pivot":{"x":1.8035988807678223,"y":14.553519248962403,"z":9.229034423828125},"rotation":{"x":-0.002999798161908984,"y":0.022498248144984247,"z":0.0000686618805048056,"w":0.9997498989105225},"size":23.087312698364259,"orthographic":true}