{"cameraMode":{"drawMode":0,"name":"Shaded","section":"Shading Mode"},"sceneLighting":true,"audioPlay":false,"sceneViewState":{"m_AlwaysRefresh":false,"showFog":true,"showSkybox":false,"showFlares":true,"showImageEffects":true,"showParticleSystems":true,"showVisualEffectGraphs":true,"m_FxEnabled":true},"in2DMode":false,"pivot":{"x":-14.378573417663575,"y":8.089393615722657,"z":-8.030892372131348},"rotation":{"x":0.05271950364112854,"y":0.21401198208332063,"z":-0.011567946523427964,"w":0.9753388166427612},"size":8.555259704589844,"orthographic":false}