{"cameraMode":{"drawMode":0,"name":"Shaded","section":"Shading Mode"},"sceneLighting":true,"audioPlay":false,"sceneViewState":{"m_AlwaysRefresh":false,"showFog":true,"showSkybox":false,"showFlares":true,"showImageEffects":true,"showParticleSystems":true,"showVisualEffectGraphs":true,"m_FxEnabled":true},"in2DMode":false,"pivot":{"x":-17.41838836669922,"y":2.3537817001342775,"z":38.77044677734375},"rotation":{"x":0.09133514016866684,"y":-0.028377018868923188,"z":0.0026038209907710554,"w":0.9954107999801636},"size":48.36933898925781,"orthographic":false}