{"cameraMode":{"drawMode":0,"name":"Shaded","section":"Shading Mode"},"sceneLighting":true,"audioPlay":false,"sceneViewState":{"m_AlwaysRefresh":false,"showFog":true,"showSkybox":false,"showFlares":true,"showImageEffects":true,"showParticleSystems":true,"showVisualEffectGraphs":true,"m_FxEnabled":true},"in2DMode":false,"pivot":{"x":1.4452590942382813,"y":5.156286239624023,"z":-0.34525299072265627},"rotation":{"x":0.11934763193130493,"y":0.0773598924279213,"z":-0.00932579766958952,"w":0.9897904396057129},"size":53.23485565185547,"orthographic":true}